email,jobTitle,numberOfPositions,gender,lastEducation,jurusan,minWorkExperience,ageRange_min,ageRange_max,lokasiKerja,requiredCompetencies,acceptedDisabilityTypes
agungrizqiromadlon023@gmail.com,Operative (Cleaning Service),75,Perempuan dan Laki-laki,SMP,,Lulusan Baru,19,28,,,
agungrizqiromadlon023@gmail.com,Receptionist,30,Perempuan dan Laki-laki,SMA/SMK,,1-2 Tahun ,19,28,,"- English: Basic Conversation.
- Hospitality.
- Well Grooming & Good Communication.
",
agungrizqiromadlon023@gmail.com,Security Guard,50,Perempuan dan Laki-laki,SMA/SMK,,Lulusan Baru,20,35,,"- Security knowledge.
- KTA & Gada Pratama Certification.
- Hospitalty.
- Dicipline & Hard Worker.",
agungrizqiromadlon023@gmail.com,Gardener,25,Laki-laki,SMA/SMK,,1-2 Tahun ,20,35,,"Know gardening tools have a knowledge about the plants and flower have a knowledge about pesticide.
",
agungrizqiromadlon023@gmail.com,Tax Associate,2,Laki-laki,D3,,1-2 Tahun ,20,35,,"- Have an experience in the same industry or outsource.
- Familiar with Oracle, Accurate, DJP or Coretax.
- Brevet A&B for Tax.
",
agungrizqiromadlon023@gmail.com,Engineer,15,Laki-laki,SMA/SMK,,1-2 Tahun ,20,35,,"- Know about the M.E.P (Mechanical, Electrical & Plumbing).
- Have K3 Certification (BNSP Minimum).
- Ready to work at the week-end.
- Able to work shifting.",
agungrizqiromadlon023@gmail.com,Gondolaman,15,Laki-laki,SMA/SMK,,1-2 Tahun ,20,35,,"- Know about gondola tools for cleaning.
- Have SIO Certification.
- Have K3 (Gondola) Certification.
- Ready to work at the week-end
- Able to work shifting.",
agungrizqiromadlon023@gmail.com,Rope Akses,15,Laki-laki,SMA/SMK,,1-2 Tahun ,20,35,,"- Know about gondola tools for cleaning.
- Have SIO Certification.
- Have K3 (Gondola) Certification.
- Ready to work at the week-end
- Able to work shifting.",
pluitdohr@astonhotelsinternational.com,GRO Mandarin ,1,Perempuan dan Laki-laki,SMA/SMK,,Lulusan Baru,21,25,,,
pluitdohr@astonhotelsinternational.com,Duty Manager,1,Perempuan dan Laki-laki,SMA/SMK,,Lulusan Baru,21,25,,,
pluitdohr@astonhotelsinternational.com,Sales Banquet Manager ,1,Perempuan dan Laki-laki,SMA/SMK,,Lulusan Baru,21,25,,,
pluitdohr@astonhotelsinternational.com,Internship FB Service,5,Perempuan dan Laki-laki,SMA/SMK,,Lulusan Baru,21,25,,,
pluitdohr@astonhotelsinternational.com,Internship Housekeeping,5,Perempuan dan Laki-laki,SMA/SMK,,Lulusan Baru,21,25,,,
pluitdohr@astonhotelsinternational.com,Internship FB Servicce,5,Perempuan dan Laki-laki,SMA/SMK,,Lulusan Baru,21,25,,,
pluitdohr@astonhotelsinternational.com,GRO Mandarin ,2,Perempuan,D1,,1-2 Tahun ,21,30,,Mandarin Speaking ,
pluitdohr@astonhotelsinternational.com,Graphic Designer ,1,Perempuan dan Laki-laki,D1,,1-2 Tahun ,21,45,,,
pluitdohr@astonhotelsinternational.com,Sales Banquet Manager ,1,Perempuan dan Laki-laki,D1,,3-5 Tahun,30,45,,,
pluitdohr@astonhotelsinternational.com,Sales Manager ,2,Perempuan dan Laki-laki,D1,,1-2 Tahun ,25,45,,,
pluitdohr@astonhotelsinternational.com,Bookeeper ,1,Perempuan dan Laki-laki,D1,,1-2 Tahun ,25,50,,,
pluitdohr@astonhotelsinternational.com,Internship Cook,5,Perempuan dan Laki-laki,SMA/SMK,,Lulusan Baru,19,22,,,Tunawicara 
pluitdohr@astonhotelsinternational.com,Internship Room Attendant ,5,Perempuan dan Laki-laki,SMA/SMK,,Lulusan Baru,19,22,,,Tunawicara 
pluitdohr@astonhotelsinternational.com,Internship FB Service,5,Perempuan dan Laki-laki,SMA/SMK,,Lulusan Baru,19,22,,,
dhaniaratri@gmail.com,Project Manager (Beauty Brand),1,Perempuan dan Laki-laki,S1,,1-2 Tahun ,21,35,,"Teamwork, Leadeship, Canva, Microsoft Office, Project Management, Time Management, Critical Thinking, Task Management,Communiaction, Coordinating Task.",
dhaniaratri@gmail.com,Key Account Executive,1,Perempuan dan Laki-laki,D3,,1-2 Tahun ,21,35,,"Negotiation, Sales Persentations, Marketing, Communication, Account Management, Sales Promotion",
dhaniaratri@gmail.com,Account Executive (All Areass),1,Perempuan dan Laki-laki,D3,,1-2 Tahun ,21,35,,"Negotiation, Sales Persentations, Marketing, Communication, Account Management, Sales Promotion",
dhaniaratri@gmail.com,Logistic Lead,1,Perempuan dan Laki-laki,SMA/SMK,,1-2 Tahun ,21,37,,"Leadership, Communication, Teamwork, Logistic Management, Inventory Control, SAP Product",
dhaniaratri@gmail.com,Sales Data Analyst,1,Perempuan dan Laki-laki,S1,,1-2 Tahun ,21,37,,"Problem Solving, Critical Thinking, Data Analytics, Microsoft Excel, Power BI, Dashboard, Communication, Sales Strategy, Program Monitoring,",
dhaniaratri@gmail.com,Admin,1,Perempuan dan Laki-laki,SMA/SMK,,Lulusan Baru,21,31,,"Administrative, Attention to detail, Communication, Microsoft Office",
dhaniaratri@gmail.com,Graphic Design,1,Perempuan dan Laki-laki,D3,,Lulusan Baru,21,31,,"Editing, Design Tools, Adobe Illustrator, Software Design, Teamwork, Creattive, Communication",
dhaniaratri@gmail.com,Digital Marketing,1,Perempuan dan Laki-laki,D3,,1-2 Tahun ,21,31,,"Digital Marketing, Marketing strategy, Google Ads, Campaign, Avertising",
dhaniaratri@gmail.com,R&D Formulations,1,Perempuan dan Laki-laki,S1,,1-2 Tahun ,21,31,,"Product Development, Research Skill, Research & Development, Product Analysis",
dhaniaratri@gmail.com,Content Creator,1,Perempuan dan Laki-laki,D3,,Lulusan Baru,21,31,,"Content Strategy, Copywriting, Editing, Instagram & Tiktok Analytics, Storytelling, Social Media Marketing, Communication, Interpersonal Skills",
dhaniaratri@gmail.com,R&D Packaging Development,1,Perempuan dan Laki-laki,S1,,1-2 Tahun ,21,31,,"Product Design, Product Strategy, Product Launch",
dhaniaratri@gmail.com,Finance & Accounting Staff,1,Perempuan dan Laki-laki,D3,,1-2 Tahun ,21,31,,"Attention To Detail, Administrative, Software Accounting (Accurate, Journal.id), Microsoft Excel, Financial reporting, Tax,",
Dlv.delvin@gmail.com,SALES EXECUTIVE / PRAMUNIAGA,30,Perempuan dan Laki-laki,SMA/SMK,,1-2 Tahun,19,35,,"Selling Skill, Komunikasi, Negosiasi, Team Work",
Dlv.delvin@gmail.com,BARISTA,10,Laki-laki,SMA/SMK,,1-2 Tahun,19,28,,"Komunikasi, Barista, Service Exelance",
Dlv.delvin@gmail.com,STORE LEADER / SUPERVISOR,5,Laki-laki,D4 / S1,,3-5 Tahun,25,35,,"Leadership, Reporting, Negosiasi, Planning",
Dlv.delvin@gmail.com,SALES PROJECT FURNITURE,2,Perempuan dan Laki-laki,S1,,1-2 Tahun,25,30,,"Negosiasi, Designer, Planning, Selling Skill",
Dlv.delvin@gmail.com,Operation Merchendiser,5,Laki-laki,SMA/SMK,,1-2 Tahun,19,35,,"Merchendising, Selling Skill, Layout Planning",
Dlv.delvin@gmail.com,Customer Service,5,Perempuan dan Laki-laki,SMA/SMK,,1-2 Tahun,19,35,,"Customer Oriented, Service, Negosiasi, Problem Solving",
Dlv.delvin@gmail.com,KASIR,5,Perempuan dan Laki-laki,SMA/SMK,,1-2 Tahun,19,35,,"SAP, teliti, komunikasi",
setya.asdiyanto@nusantara-sakti.com,BRANCH MANAGER,20,Perempuan dan Laki-laki,D3,,1-2 Tahun ,25,35,,"- Mengawasi dan mengoordinasikan seluruh aktivitas tim kolektor untuk memastikan pencapaian target penagihan yang telah ditetapkan.
- Melakukan evaluasi kinerja secara berkala terhadap anggota tim, serta merancang dan melaksanakan program pelatihan pengembangan kompetensi.
- Menyusun, mengimplementasikan, dan mengevaluasi strategi penagihan yang efektif untuk meningkatkan performa recovery piutang serta mengoptimalkan kinerja lapangan.
- Memimpin proses rekrutmen dan pengembangan sumber daya manusia di bidang collection, guna memastikan kebutuhan operasional cabang terpenuhi secara optimal.
- Membangun dan menjaga hubungan baik dengan pelanggan untuk meningkatkan loyalitas, menjaga reputasi perusahaan, serta mendorong kelancaran proses pembayaran.",
setya.asdiyanto@nusantara-sakti.com,MANAGEMENT TRAINEE,30,Perempuan dan Laki-laki,S1,,Lulusan Baru,21,30,,"- Mengikuti program pelatihan intensif yang mencakup pengembangan keterampilan teknis, kepemimpinan, dan manajerial untuk mempersiapkan diri menjadi calon pemimpin di perusahaan.
- Melakukan rotasi kerja lintas departemen (operasional, pemasaran, manajemen risiko, dan lainnya) untuk memahami seluruh proses bisnis secara menyeluruh dan terintegrasi.
- Melaksanakan proyek-proyek pengembangan di masing-masing divisi sebagai bagian dari evaluasi kinerja dan kontribusi terhadap inovasi perusahaan.
- Bekerja sama dengan mentor profesional untuk mendapatkan bimbingan langsung dalam mengasah kemampuan analitis, pengambilan keputusan, serta penyelesaian masalah bisnis.
- Mempersiapkan diri untuk menempati posisi Supervisor atau posisi strategis lainnya dengan menunjukkan pencapaian kinerja, kepemimpinan yang efektif, dan kemampuan adaptasi di berbagai lingkungan kerja.",
setya.asdiyanto@nusantara-sakti.com,PROJEK EKSPANSI,5,Perempuan dan Laki-laki,SMA/SMK,,Lulusan Baru,24,34,,"- Melakukan pencarian, survei, dan renovasi gedung kantor cabang sesuai dengan standar operasional perusahaan, termasuk memastikan kelayakan fasilitas dan infrastruktur yang dibutuhkan.
- Melakukan pengukuran dan perencanaan pembangunan atau renovasi gedung untuk memastikan kesesuaian desain dan kebutuhan operasional perusahaan.
- Bertanggung jawab atas pengadaan, pendataan, dan pengelolaan perlengkapan kantor cabang guna mendukung kelancaran operasional harian di setiap lokasi.
- Melaksanakan pemeliharaan rutin dan perbaikan aset kantor cabang, serta memastikan seluruh fasilitas dan properti tetap dalam kondisi optimal.
- Membantu proses pengurusan administrasi perizinan dan perjanjian sewa-menyewa dengan pemilik gedung atau instansi terkait, serta menjalankan tugas lapangan secara mobile sesuai kebutuhan dinas perusahaan.",
setya.asdiyanto@nusantara-sakti.com,LEGAL ASSET RECOVERY OFFICER,30,Laki-laki,S1,,Lulusan Baru,21,35,,"- Melaksanakan kegiatan pemulihan aset (Asset Recovery) dengan pendekatan hukum yang efektif, termasuk melakukan investigasi, analisis kasus, serta eksekusi pemulihan aset perusahaan di seluruh wilayah operasional.
- Menangani sengketa hukum yang terkait dengan aset perusahaan, baik di dalam proses negosiasi, mediasi, maupun pada tahap litigasi jika diperlukan, serta memastikan perlindungan kepentingan hukum perusahaan.
- Melakukan negosiasi dan penyelesaian permasalahan secara non-litigasi dengan pihak ketiga, guna mencapai penyelesaian sengketa secara damai dan menghindari potensi kerugian lebih lanjut bagi perusahaan.
- Menyusun, mereview, dan memastikan kepatuhan dokumentasi hukum, termasuk perjanjian, kontrak, dan dokumen legal lainnya agar seluruh aktivitas perusahaan berjalan sesuai ketentuan hukum yang berlaku.
- Melakukan koordinasi aktif dengan pihak internal (departemen terkait) dan eksternal (pengacara, notaris, aparat penegak hukum) untuk mendukung penyelesaian kasus, pengurusan perizinan, serta kegiatan hukum lainnya secara efektif",
setya.asdiyanto@nusantara-sakti.com,PROJECT MANAGER PROPERTY,2,Perempuan dan Laki-laki,S1,,>5 Tahun,21,45,,"- Mengelola seluruh tahapan proyek pembangunan mulai dari perencanaan awal, pengurusan legalitas, proses land clearing, pelaksanaan konstruksi, hingga serah terima proyek dengan standar kualitas tinggi dan efisiensi biaya.
- Menyusun, mengkaji, dan mengawasi penggunaan material dengan melakukan analisa teknis dan perhitungan kebutuhan bahan bangunan secara akurat untuk memastikan efektivitas biaya dan kelancaran proyek.
- Menerapkan dan menjalankan manajemen risiko pada setiap tahapan proyek, mulai dari perencanaan, pelaksanaan hingga penyelesaian, guna mengantisipasi potensi masalah teknis, hukum, maupun keuangan.
- Melakukan monitoring dan evaluasi rutin terhadap progres pembangunan proyek, termasuk mengawasi penggunaan anggaran, membuat laporan perkembangan, serta memastikan proyek berjalan sesuai timeline dan budget perusahaan.
- Membangun komunikasi dan koordinasi yang efektif dengan semua pihak terkait, baik internal (tim proyek, manajemen) maupun eksternal (kontraktor, konsultan, vendor, dan instansi pemerintah), untuk mempercepat penyelesaian proyek serta menjaga hubungan kerja yang harmonis",
setya.asdiyanto@nusantara-sakti.com,SUPERVISOR MARKETING DLP,10,Perempuan dan Laki-laki,S1,,3-5 Tahun,21,45,,"- Merancang, mengimplementasikan, dan mengoptimalkan strategi pemasaran produk sparepart melalui berbagai kanal (offline dan digital) guna meningkatkan brand awareness, memperluas market share, dan mendorong pertumbuhan penjualan sesuai target perusahaan.
- Memimpin, membina, dan mengembangkan performa tim marketing, termasuk melakukan monitoring KPI individu maupun tim, memberikan arahan strategis, serta menyelenggarakan program pelatihan atau coaching untuk meningkatkan kapabilitas tim.
- Melakukan analisis pasar, tren industri otomotif, dan pergerakan kompetitor secara berkala untuk mengidentifikasi peluang pasar baru, potensi area ekspansi, serta merancang langkah-langkah adaptif terhadap perubahan dinamika pasar.
- Mengelola anggaran pemasaran secara efektif dan efisien, memastikan alokasi biaya kampanye berjalan optimal, serta melakukan evaluasi berkala terhadap Return on Investment (ROI) dari setiap program pemasaran yang dijalankan.
- Menjalin dan membangun hubungan strategis dengan mitra bisnis, vendor, dealer, dan pihak eksternal lainnya untuk mendukung pencapaian tujuan bisnis, memperluas jaringan distribusi, serta memperkuat kolaborasi dalam aktivitas promosi produk.",
setya.asdiyanto@nusantara-sakti.com,LEADER BUSINESS PROPERTY,10,Perempuan dan Laki-laki,S1,,3-5 Tahun,21,45,,"- Memimpin, mengelola, dan mengembangkan tim sales properti melalui arahan yang terstruktur, pembinaan berkala, serta evaluasi performa untuk memastikan tim memiliki kompetensi dan motivasi dalam mencapai target yang ditetapkan.
- Menyusun, mengimplementasikan, dan mengoptimalkan strategi penjualan properti berdasarkan analisis pasar, tren industri, dan kebutuhan konsumen, guna memastikan pertumbuhan penjualan yang berkelanjutan dan tercapainya target revenue.
- Melakukan analisis pasar secara rutin untuk mengidentifikasi peluang bisnis baru, merancang pendekatan strategis terhadap segmen pasar potensial, serta mengantisipasi pergerakan kompetitor.
- Mengawasi pencapaian Key Performance Indicator (KPI) dan menyusun laporan kinerja secara berkala kepada manajemen, serta memberikan rekomendasi perbaikan berbasis data untuk meningkatkan efektivitas tim dan strategi penjualan.
- Membangun dan memelihara hubungan baik dengan customer, mitra bisnis, agen properti, dan pihak eksternal lainnya untuk memperkuat jaringan pemasaran, meningkatkan loyalitas pelanggan, dan menciptakan peluang kerjasama yang saling menguntungkan.",
setya.asdiyanto@nusantara-sakti.com,KEPALA BUDIDAYA IKAN DAN LOBSTER AIR TAWAR,1,Perempuan dan Laki-laki,S1,,3-5 Tahun,21,45,,"- Menyusun dan mengawasi rencana budidaya ikan dan lobster, termasuk perencanaan jangka panjang dan pendek untuk memastikan keberhasilan operasional serta pencapaian target produksi yang optimal.
- Memastikan operasional budidaya berjalan sesuai dengan standar dan prosedur yang ditetapkan, baik dari segi teknik budidaya, manajemen kualitas air, pemberian pakan, serta pengendalian penyakit, untuk memastikan keberlanjutan dan efisiensi proses produksi.
- Mengontrol kualitas air, pakan, dan kesehatan hewan, termasuk melakukan pengujian rutin dan pengawasan terhadap parameter penting dalam budidaya untuk mencegah kerugian akibat kualitas lingkungan yang buruk atau penyakit.
- Membimbing, melatih, dan mengembangkan tim budidaya, memastikan setiap anggota tim memiliki pemahaman yang mendalam mengenai proses budidaya serta dilatih untuk menerapkan teknik terbaik yang sesuai dengan kebutuhan operasional.
- Mengelola anggaran operasional budidaya secara efisien, memantau pengeluaran dan memastikan penggunaan sumber daya yang tepat serta pengendalian biaya untuk mencapai tujuan produksi dengan mempertahankan profitabilitas yang baik.",
setya.asdiyanto@nusantara-sakti.com,BUSINESS DEVELOPMENT,10,Perempuan dan Laki-laki,S1,,Lulusan Baru,20,30,,"- Melakukan analisis data pencapaian dan alur proses bisnis secara mendalam, mengidentifikasi tren dan pola untuk menghasilkan wawasan yang dapat digunakan dalam pengambilan keputusan strategis dan perbaikan proses yang berkelanjutan.
- Bertanggung jawab terhadap pencapaian tujuan bisnis, dengan memantau dan mengevaluasi kinerja operasional, serta memberikan rekomendasi untuk meningkatkan produktivitas dan efisiensi berdasarkan hasil analisis data.
- Merancang, mengembangkan, dan mengevaluasi strategi pengembangan bisnis untuk memastikan pencapaian target perusahaan, baik dalam jangka pendek maupun jangka panjang, serta melakukan penyesuaian strategi bila diperlukan.
- Menganalisis dan mengevaluasi proses bisnis secara menyeluruh, mengidentifikasi area yang perlu ditingkatkan untuk mencapai efisiensi operasional yang lebih baik, serta merekomendasikan perbaikan proses guna meningkatkan produktivitas dan kepuasan pelanggan.
- Menyusun laporan kinerja bisnis secara berkala, meliputi laporan bulanan, triwulan, dan tahunan, yang mencakup analisis pencapaian, evaluasi kinerja, dan rekomendasi tindak lanjut untuk pengembangan strategi dan perbaikan yang lebih efektif",
setya.asdiyanto@nusantara-sakti.com,BUSINESS PROCESS AND SYSTEM DEVELOPMENT,10,Perempuan dan Laki-laki,S1,,Lulusan Baru,20,30,,"1.	Melakukan analisis data pencapaian dan alur proses bisnis secara komprehensif, mengidentifikasi tren kinerja dan pola operasional yang berpengaruh terhadap efisiensi dan hasil bisnis, serta memberikan rekomendasi berbasis data untuk pengambilan keputusan yang lebih baik.
2.	Bertanggung jawab terhadap pencapaian dan perbaikan kinerja bisnis, memantau dan mengevaluasi kinerja operasional secara rutin, serta memastikan bahwa target yang telah ditetapkan tercapai dengan mempertimbangkan faktor internal dan eksternal yang memengaruhi.
3.	Merancang dan mengimplementasikan strategi pengembangan bisnis, bekerja sama dengan tim terkait untuk memastikan pencapaian target jangka panjang dan jangka pendek, serta melakukan penyesuaian strategi yang diperlukan berdasarkan hasil analisis data dan kondisi pasar.
4.	Melakukan evaluasi dan optimalisasi proses bisnis untuk meningkatkan efisiensi operasional, dengan fokus pada pengidentifikasian dan perbaikan proses yang tidak efektif, serta memberikan solusi inovatif untuk memaksimalkan hasil dan mengurangi biaya.
5.	Menjalin dan memelihara hubungan kerjasama yang kuat dengan pihak internal dan eksternal, berkoordinasi dengan berbagai departemen dan mitra untuk memastikan kelancaran alur proses bisnis, serta mengedepankan komunikasi yang jelas dan efektif untuk mendukung pencapaian tujuan perusahaan.",
setya.asdiyanto@nusantara-sakti.com,SALES PART DAN OLI,10,Perempuan dan Laki-laki,SMA/SMK,,1-2 Tahun ,21,45,,#ERROR!,
setya.asdiyanto@nusantara-sakti.com,BUSINESS PERFORMANCE MANAGEMENT,5,Perempuan dan Laki-laki,S1,,3-5 Tahun,21,45,,"- Merancang dan mengembangkan strategi bisnis jangka pendek dan jangka panjang yang selaras dengan visi dan misi perusahaan, untuk mendorong pertumbuhan dan pencapaian tujuan perusahaan di pasar yang dinamis.
- Melakukan analisis mendalam terhadap data pasar, tren industri, dan kondisi ekonomi untuk memberikan rekomendasi strategis yang berbasis data, yang dapat digunakan oleh manajemen eksekutif untuk membuat keputusan yang lebih tepat dan proaktif.
- Mengawasi dan mengkoordinasikan implementasi rencana bisnis, memantau kinerja dan pencapaian setiap departemen untuk memastikan bahwa setiap strategi yang dijalankan mendukung objektif jangka panjang perusahaan, serta mengidentifikasi potensi masalah dan solusi yang diperlukan.
- Berkoordinasi dengan berbagai departemen internal untuk memastikan bahwa semua strategi yang dikembangkan dan diimplementasikan selaras dengan tujuan dan visi perusahaan, serta mendorong kolaborasi lintas fungsi untuk pencapaian yang optimal.
- Memimpin dan mengembangkan tim perencanaan korporat dengan memberi arahan yang jelas, memberikan pelatihan, serta memotivasi mereka untuk berkontribusi secara maksimal terhadap pencapaian tujuan perusahaan. Selain itu, bertanggung jawab dalam menyusun laporan bisnis, studi kelayakan, dan proposal strategi perusahaan untuk disampaikan kepada manajemen eksekutif.",
setya.asdiyanto@nusantara-sakti.com,TASKFORCE ACCOUNTING,10,Laki-laki,S1,,1-2 Tahun ,24,30,,"- Melakukan verifikasi data kredit konsumen secara acak (random check) untuk memastikan bahwa semua informasi yang diterima dan dicatat akurat, lengkap, serta sesuai dengan prosedur dan kebijakan perusahaan yang berlaku, guna mengurangi risiko kesalahan dalam proses kredit.
- Memeriksa kelengkapan dan validitas dokumen faktur yang terkait dengan Surat Perintah Kerja (SPK), termasuk memastikan bahwa dokumen yang diberikan sudah memenuhi standar dan syarat administratif yang berlaku untuk memastikan kepatuhan terhadap peraturan dan kebijakan internal.
- Menangani penyelesaian faktur yang bermasalah dengan mengidentifikasi dan menyelesaikan masalah sesuai dengan prosedur operasional standar (SOP) yang telah ditetapkan, berkoordinasi dengan berbagai departemen terkait untuk memastikan masalah dapat diselesaikan dengan cepat dan akurat.
- Mengontrol proses penagihan konsumen yang menunggak (Z1-Z6), memantau status pembayaran dan memastikan bahwa kwitansi yang diberikan sesuai dengan transaksi yang tercatat, serta mengelola hubungan dengan konsumen untuk memastikan proses penagihan berjalan lancar dan sesuai ketentuan.
- Melakukan kunjungan rutin ke cabang-cabang perusahaan untuk memeriksa aktivitas kerja cabang, mendeteksi potensi masalah atau ketidakpatuhan terhadap SOP, serta memberikan sosialisasi terkait prosedur dan kebijakan untuk mencegah terjadinya fraud dan memastikan penerapan SOP yang konsisten di setiap cabang.",
setya.asdiyanto@nusantara-sakti.com,MANAGER MARKETING TAS,1,Perempuan dan Laki-laki,S1,,3-5 Tahun,30,45,,"- Mengembangkan dan mendesain strategi branding produk perusahaan dengan memanfaatkan analisis pasar dan tren terbaru, untuk memastikan produk yang dimiliki perusahaan dapat bersaing di pasar dan memiliki identitas yang kuat serta relevan dengan kebutuhan target pasar.
- Merencanakan dan menyusun strategi promosi yang terintegrasi, yang sejalan dengan visi dan misi perusahaan, untuk meningkatkan kesadaran merek dan menarik perhatian konsumen melalui berbagai saluran komunikasi, baik online maupun offline, dengan memaksimalkan efektivitas anggaran yang tersedia.
- Mengelola dan mengalokasikan anggaran promosi secara efisien, memastikan bahwa dana yang dialokasikan untuk aktivitas promosi dan pemasaran digunakan secara tepat, mengoptimalkan ROI, serta memonitor hasil dari setiap aktivitas promosi untuk memastikan tercapainya tujuan penjualan dan kesuksesan pasar.
- Mengawasi dan mengontrol seluruh aktivitas pemasaran dan promosi, baik dalam bentuk media cetak maupun digital, untuk memastikan konsistensi pesan merek dan mencapai target audiens yang diinginkan, serta melakukan penyesuaian taktik berdasarkan hasil analisis kinerja promosi.
- Memimpin Brand Activation dan event perusahaan seperti Expo dan acara promosi lainnya, dengan merencanakan, mengorganisir, serta memonitor pelaksanaan kegiatan secara menyeluruh, memastikan kegiatan berjalan lancar, sesuai dengan tujuan pemasaran, serta memberikan dampak positif terhadap penjualan dan citra merek perusahaan.",
setya.asdiyanto@nusantara-sakti.com,SALES RESELLER PARFUM,5,Perempuan,SMA/SMK,,1-2 Tahun ,18,28,,"- Melakukan promosi dan penjualan produk melalui berbagai saluran pemasaran, termasuk media sosial, pameran, dan event, guna meningkatkan brand awareness dan penjualan produk. Memanfaatkan alat pemasaran digital dan tradisional untuk menjangkau lebih banyak calon konsumen dan agen reseller yang potensial.
- Memberikan konsultasi produk yang tepat kepada klien dan konsumen, dengan menganalisis kebutuhan mereka dan menawarkan solusi yang sesuai. Menjadi sumber informasi yang dapat diandalkan terkait keunggulan dan manfaat produk yang ditawarkan, guna membantu pelanggan membuat keputusan pembelian yang tepat.
- Mengidentifikasi dan mencari agen-agen reseller yang berpotensi melalui berbagai saluran media, baik secara langsung maupun daring. Memastikan bahwa agen-agen ini memiliki potensi untuk memperluas jangkauan pasar dan meningkatkan distribusi produk.
- Membangun dan menjaga hubungan komunikasi yang baik dengan konsumen dan agen reseller, dengan memberikan pelayanan yang cepat, responsif, dan profesional. Berinteraksi secara reguler untuk memastikan kepuasan pelanggan serta mendengarkan umpan balik mereka guna meningkatkan kualitas produk dan layanan.
- Melakukan negosiasi harga, syarat-syarat penjualan, dan mempersiapkan perjanjian penjualan, dengan pihak konsumen dan agen reseller. Menyusun kontrak yang jelas dan adil, serta memastikan bahwa kesepakatan yang dicapai sesuai dengan kebijakan perusahaan dan saling menguntungkan bagi kedua belah pihak",
setya.asdiyanto@nusantara-sakti.com,SPV ESTIMATOR,5,Perempuan dan Laki-laki,D4,,1-2 Tahun ,20,35,,"- Melakukan perhitungan dan estimasi biaya proyek secara komprehensif yang mencakup biaya tenaga kerja, material, peralatan, serta biaya operasional lainnya yang terlibat dalam pelaksanaan proyek. Menggunakan perangkat lunak dan alat perhitungan canggih untuk memastikan akurasi dan efektivitas estimasi biaya.
- Mengawasi dan memonitor perubahan dalam proyek untuk memastikan estimasi biaya tetap relevan. Melakukan pembaruan terhadap anggaran proyek seiring dengan perubahan spesifikasi atau ketentuan proyek dan memberikan rekomendasi penyesuaian anggaran kepada manajemen.
- Mengevaluasi dan menganalisis proses estimasi biaya yang telah dilakukan untuk memastikan bahwa seluruh tahapan estimasi dilakukan dengan efisien dan sesuai dengan standar perusahaan. Memberikan saran perbaikan untuk meningkatkan akurasi estimasi pada proyek-proyek selanjutnya.
- Memimpin dan berkoordinasi dengan tim proyek, termasuk arsitek, insinyur, dan kontraktor, untuk memastikan bahwa estimasi biaya sesuai dengan perencanaan teknis dan operasional proyek. Meningkatkan komunikasi lintas tim agar proyek dapat berjalan dengan lancar dan efisien.
- Menyusun laporan berkala dan dokumentasi estimasi biaya proyek untuk disampaikan kepada manajemen dan pihak-pihak terkait. Memastikan bahwa laporan biaya mencerminkan realisasi pengeluaran dan prediksi anggaran yang telah diperbarui selama proyek berlangsung.",
setya.asdiyanto@nusantara-sakti.com,AFFILIATE MARKETING SPECIALIST,5,Perempuan dan Laki-laki,S1,,1-2 Tahun ,20,30,,"- Merancang dan mengimplementasikan strategi bisnis untuk memasarkan program Affiliate Marketing kepada audiens yang lebih luas, dengan fokus pada pemanfaatan berbagai platform digital, termasuk media sosial, SEO, dan konten berbasis web. Tujuan utama adalah untuk meningkatkan kesadaran program dan menarik affiliator baru yang berkualitas.
- Membangun dan memelihara hubungan yang kuat dengan affiliator melalui komunikasi rutin, workshop, dan pelatihan untuk memastikan mereka mendapatkan keterampilan dan pengetahuan yang diperlukan untuk meningkatkan kinerja dan hasil penjualan. Memberikan dukungan yang berkelanjutan untuk mendorong mereka mencapai target dan KPI yang telah ditetapkan.
- Merekrut affiliator baru secara proaktif menggunakan platform online, termasuk Meta Ads, SEO, dan grup komunitas seperti Facebook dan WhatsApp. Mencari cara-cara inovatif dan efektif untuk memperluas jaringan affiliator dan mengoptimalkan strategi perekrutan untuk mencapai target pertumbuhan yang ditetapkan.
- Menyusun dan menyediakan materi yang berguna bagi affiliator baru, seperti panduan kerja (guidance book), video tutorial, dan sumber daya lainnya yang dapat membantu mereka untuk memulai dan beroperasi secara mandiri. Mengembangkan materi pelatihan yang interaktif dan mudah dipahami untuk memastikan keberhasilan setiap affiliator.
- Melakukan analisis kinerja data affiliator dan mengidentifikasi peluang perbaikan serta program yang efektif untuk meningkatkan hasil yang dicapai oleh affiliator. Menggunakan alat analitik untuk mengukur performa dan merancang kampanye yang relevan untuk meningkatkan konversi dan jangkauan program.",
setya.asdiyanto@nusantara-sakti.com,REGIONAL MANAGER DEALER,1,Perempuan dan Laki-laki,S1,,3-5 Tahun,25,40,,"- Mengelola dan mengawasi operasional cabang di wilayah tanggung jawab, memastikan seluruh cabang beroperasi sesuai dengan standar operasional yang ditetapkan perusahaan. Tugas ini mencakup pengawasan terhadap kinerja operasional harian, pencapaian target penjualan, pembiayaan, serta kualitas pelayanan pelanggan di semua cabang yang dikelola.
- Memastikan pencapaian target profit, penjualan, pembiayaan, dan layanan purna jual, dengan merancang dan menerapkan strategi untuk meningkatkan kinerja cabang. Mengelola pencapaian target di tingkat cabang dengan mempertimbangkan faktor-faktor internal dan eksternal yang mempengaruhi performa cabang, serta menyesuaikan strategi berdasarkan analisis data dan tren pasar.
- Menganalisis performa cabang secara berkala dan merancang strategi peningkatan efisiensi operasional serta pencapaian target, termasuk mengidentifikasi area yang memerlukan perbaikan. Memberikan rekomendasi dan solusi atas kendala yang ditemukan dalam operasional cabang serta memantau implementasi perbaikan yang diterapkan.
- Membangun dan menjaga hubungan yang kuat dengan Main Dealer dan pelanggan baru, untuk memastikan kerjasama yang menguntungkan bagi perusahaan. Mengembangkan jaringan dan peluang bisnis baru melalui kunjungan rutin ke cabang-cabang dan dealer mitra. Memastikan komunikasi yang terbuka dan efektif untuk mendukung pertumbuhan bisnis dan memperkuat reputasi perusahaan di pasar.
- Melakukan evaluasi kinerja tim cabang, memberikan pelatihan, coaching, serta pengembangan profesional untuk seluruh anggota tim, termasuk manajer cabang, supervisor, dan staf operasional. Memastikan bahwa setiap cabang memiliki tim yang terlatih dan termotivasi untuk mencapai tujuan perusahaan. Selain itu, menyusun laporan berkala kepada manajemen pusat terkait dengan performa wilayah, memberikan analisis dan rekomendasi untuk perbaikan yang berkelanjutan.",
setya.asdiyanto@nusantara-sakti.com,REGIONAL MANAGER RETAIL SPAREPART,1,Perempuan dan Laki-laki,S1,,3-5 Tahun,25,40,,"- Pengelolaan dan Pengawasan Operasional Cabang
Memastikan seluruh cabang yang menjadi tanggung jawabnya beroperasi sesuai dengan standar perusahaan. Hal ini mencakup pengelolaan operasional harian di setiap cabang, memastikan kelancaran pelayanan, kelengkapan produk, dan kepuasan pelanggan. Area Manager bertanggung jawab untuk mengawasi kualitas operasional dan operasionalisasi SOP yang berlaku di setiap cabang.
- Pencapaian Target Profit, Penjualan, Pembiayaan, dan Layanan Purna Jual
Memastikan pencapaian target secara keseluruhan di seluruh cabang melalui pemantauan harian dan implementasi strategi yang telah disusun. Area Manager harus mengatur penjualan, pembiayaan, dan layanan purna jual dengan tujuan untuk mencapai dan melampaui target yang telah ditentukan perusahaan. Ini juga termasuk pengelolaan dan distribusi produk, serta pemantauan pencapaian KPI (Key Performance Indicators) yang ditetapkan perusahaan.
- Analisis Performa Cabang dan Strategi Peningkatan Kinerja
Melakukan analisis terhadap hasil dan performa cabang secara menyeluruh. Berdasarkan hasil analisis tersebut, Area Manager merancang dan menerapkan strategi untuk meningkatkan efisiensi operasional dan pencapaian target. Area Manager juga harus mengidentifikasi potensi masalah atau kendala yang dihadapi cabang dan memberikan solusi yang efektif untuk mengatasi masalah tersebut, guna meningkatkan kinerja cabang.
- Membangun dan Menjaga Hubungan dengan Toko dan Pelanggan Baru. Membangun hubungan yang solid dengan toko mitra dan pelanggan baru melalui komunikasi yang efektif dan efisien. Area Manager harus memastikan kepuasan pelanggan di tingkat cabang dan memperkenalkan produk serta layanan baru untuk mempertahankan hubungan jangka panjang yang menguntungkan. Selain itu, area manager juga bertanggung jawab untuk mencari peluang kolaborasi baru dan mengembangkan jaringan untuk pertumbuhan bisnis yang berkelanjutan.
- Evaluasi dan Pengembangan Tim Cabang, Pelatihan dan Coaching
Melakukan evaluasi rutin terhadap kinerja tim cabang, termasuk staf dan manajer cabang, untuk memastikan bahwa tim bekerja dengan efisien dan efektif. Area Manager harus memberikan pelatihan, bimbingan, dan coaching untuk meningkatkan kompetensi tim dalam mencapai tujuan dan standar perusahaan. Ini juga termasuk mengidentifikasi potensi pengembangan bagi anggota tim untuk peningkatan kinerja jangka panjang, serta memberikan umpan balik konstruktif untuk perbaikan.",
setya.asdiyanto@nusantara-sakti.com,REGIONAL MANAGER GADAI,1,Perempuan dan Laki-laki,S1,,3-5 Tahun,25,40,,"- Pengelolaan dan Pengawasan Operasional Cabang
Bertanggung jawab penuh dalam mengelola seluruh operasional cabang di wilayah yang menjadi tanggung jawabnya, memastikan setiap cabang berjalan sesuai dengan standar yang ditetapkan perusahaan. Hal ini meliputi pengawasan terhadap semua aspek operasional, mulai dari pengelolaan stok barang, pelaksanaan pelayanan pelanggan, kualitas produk dan jasa, hingga kelancaran proses transaksi di cabang. Area Manager harus memastikan cabang-cabang tersebut berfungsi secara efisien dan mematuhi SOP yang berlaku.
- Pencapaian Target Profit, Penjualan, Pembiayaan, dan Layanan Purna Jual. Memastikan tercapainya target profit dan penjualan di seluruh cabang yang dikelola, baik dalam hal unit produk, pembiayaan, maupun layanan purna jual. Area Manager perlu mengawasi dan menindaklanjuti strategi pemasaran dan penjualan yang diterapkan, serta memonitor performa setiap cabang dalam mencapai KPI yang ditetapkan. Jika diperlukan, Area Manager harus memberikan arahan dan solusi terkait penyimpangan yang terjadi dalam pencapaian target.
- Analisis Performa Cabang dan Penyusunan Strategi Peningkatan Kinerja
Melakukan analisis mendalam terhadap performa cabang-cabang di bawah pengelolaannya, mengidentifikasi faktor penyebab keberhasilan dan masalah yang ada. Berdasarkan hasil analisis tersebut, Area Manager harus merancang dan mengimplementasikan strategi yang bertujuan untuk meningkatkan efisiensi operasional dan mencapai target yang lebih tinggi, seperti memperbaiki proses bisnis, memperkenalkan inovasi, dan menyesuaikan pendekatan untuk mengoptimalkan hasil.
- Membangun dan Menjaga Hubungan yang Kuat dengan Pihak Terkait dan Pelanggan
Membina hubungan yang kuat dengan berbagai pihak yang terkait dengan bisnis cabang, termasuk pihak Main Dealer, vendor, serta pelanggan, baik lama maupun baru. Area Manager harus menjadi penghubung yang efektif dalam memastikan kepuasan pelanggan dan membangun jaringan relasi yang dapat mendukung pertumbuhan bisnis di wilayah tersebut. Hal ini juga mencakup pengelolaan keluhan pelanggan yang bersifat strategis untuk mencari solusi yang tepat.
- Evaluasi dan Pengembangan Kinerja Tim Cabang melalui Pelatihan dan Coaching
Melakukan evaluasi terhadap kinerja tim cabang secara menyeluruh, termasuk staf dan manajer cabang, dengan memberikan umpan balik yang konstruktif. Area Manager bertanggung jawab untuk merencanakan dan mengimplementasikan pelatihan yang dibutuhkan untuk meningkatkan keterampilan dan kompetensi tim. Dalam hal ini, Area Manager juga perlu melakukan coaching untuk memotivasi tim agar terus berkembang dan meningkatkan performa mereka sesuai dengan kebutuhan perusahaan.",
setya.asdiyanto@nusantara-sakti.com,SUPERVISOR AREA SPAREPART,10,Perempuan dan Laki-laki,S1,,1-2 Tahun ,20,35,,"- Analisis Laporan Data SPK dan Penjualan
Bertanggung jawab untuk mengumpulkan dan menganalisis data SPK (Surat Perintah Kerja) dan penjualan dari berbagai cabang dan toko. Tugas ini melibatkan identifikasi tren penjualan, analisis kinerja setiap produk atau kategori, serta memastikan bahwa semua data yang terkait dengan penjualan tercatat secara akurat. Berdasarkan analisis ini, akan memberikan rekomendasi untuk perbaikan atau pengembangan strategi penjualan.
- Menganalisis Laporan Tagihan dan Piutang
Melakukan review terhadap laporan tagihan yang masuk dan menganalisis status piutang yang dimiliki perusahaan. Tugas ini juga mencakup pemantauan atas pembayaran yang tertunda atau bermasalah, serta menyusun strategi untuk pengelolaan piutang yang lebih efisien. Ini juga mencakup analisis faktor-faktor yang berkontribusi terhadap masalah tagihan dan memberikan rekomendasi solusi.
- Penyusunan Laporan Piutang Toko dan Penjualan
Membuat laporan terperinci mengenai piutang yang dimiliki oleh toko dan cabang, serta memonitor perkembangan piutang tersebut secara berkala. Selain itu, membuat laporan penjualan secara harian, mingguan, dan bulanan untuk memastikan data penjualan yang lengkap dan akurat, serta memberikan wawasan kepada tim dan manajemen untuk membuat keputusan yang lebih tepat dalam pengelolaan penjualan dan piutang.
- Verifikasi dan Pengawasan Data Penjualan
Memastikan bahwa semua transaksi penjualan dicatat dengan lengkap dan akurat. Ini meliputi pengecekan kesesuaian antara data transaksi penjualan yang tercatat di sistem dan dokumen fisik yang ada (misalnya faktur atau SPK). Jika terdapat ketidaksesuaian, harus melakukan verifikasi dan memperbaiki data untuk menjaga integritas laporan.
- Analisis dan Rekomendasi Perbaikan Case Harian
Melakukan analisis terhadap masalah atau ""case"" yang muncul dalam proses penjualan, tagihan, atau piutang setiap hari. Ini termasuk identifikasi akar penyebab masalah, memberikan rekomendasi perbaikan untuk menghindari terulangnya masalah yang sama, serta menyusun rencana tindakan untuk meningkatkan efektivitas dan efisiensi proses penjualan dan administrasi.",
setya.asdiyanto@nusantara-sakti.com,HEAD LITIGASI,1,Perempuan dan Laki-laki,S1,,3-5 Tahun,25,38,,"- Menyusun, Mereview, dan Mengontrol Proses Penanganan Kasus Litigasi dan Non-Litigasi
Menyusun, meninjau, dan memastikan alur proses penanganan kasus litigasi maupun non-litigasi berjalan dengan baik dan sesuai dengan regulasi yang berlaku. Ini termasuk pembuatan strategi hukum, penyusunan dokumen-dokumen hukum yang diperlukan, serta memastikan bahwa prosedur yang diikuti sesuai dengan peraturan perusahaan dan ketentuan hukum yang ada.
- Mengawasi Kegiatan Investigasi Kasus Internal dan Eksternal
Memimpin dan mengawasi seluruh kegiatan investigasi terhadap kasus yang dilaporkan, baik yang bersifat internal maupun eksternal. Tugas ini melibatkan pengumpulan bukti, analisis situasi, serta koordinasi dengan tim terkait untuk mengidentifikasi penyebab masalah dan langkah penyelesaian yang tepat. Juga bertanggung jawab dalam penyusunan laporan hasil investigasi yang komprehensif.
- Menjalin Koordinasi dengan Pihak Eksternal (Kepolisian, Kejaksaan, Pengadilan, OJK, dan Lainnya)
Memastikan komunikasi dan hubungan yang efektif dengan pihak eksternal seperti Kepolisian, Kejaksaan, Pengadilan, OJK, dan instansi terkait lainnya. Tugas ini mencakup koordinasi dalam menangani kasus-kasus hukum yang melibatkan pihak ketiga, serta memastikan proses hukum berjalan sesuai dengan prosedur yang berlaku.
- Pendampingan Hukum dan Penyelesaian Kasus
Memberikan pendampingan hukum bagi perusahaan dalam proses penyelesaian kasus hukum, baik yang berkaitan dengan litigasi maupun non-litigasi. Bertanggung jawab untuk memastikan penyelesaian kasus dilakukan secara efisien dan sesuai dengan kebijakan perusahaan, termasuk pengelolaan aset yang dikembalikan ke perusahaan sebagai bagian dari penyelesaian kasus.
- Kontrol, Review, dan Pengawasan Pencapaian Tim Hukum
Melakukan pengawasan dan review terhadap pencapaian tim hukum secara berkala, baik dalam aspek penanganan kasus maupun dalam pencapaian target hukum lainnya. Menjamin bahwa semua tugas dan kewajiban yang diberikan kepada bawahan terlaksana dengan baik dan tepat waktu, serta memberikan pembinaan dan arahan untuk pengembangan tim hukum yang lebih efektif.",
setya.asdiyanto@nusantara-sakti.com,HEAD REMEDIAL,1,Laki-laki,S1,,3-5 Tahun,25,38,,"- Memimpin dan Mengawasi Tim Remedial dalam Menangani Kredit Bermasalah
Memimpin tim remedial dalam menjalankan seluruh proses penanganan kredit bermasalah. Tugas ini meliputi koordinasi, pembagian tugas, dan pemantauan kinerja tim dalam menyelesaikan kredit macet dengan efisiensi yang tinggi, serta memastikan setiap anggota tim memahami target dan strategi yang telah ditetapkan.
- Merancang dan Mengimplementasikan Strategi Remedial untuk Penyelesaian Kredit Macet
Merancang dan menyusun strategi remedial yang efektif untuk meningkatkan tingkat penyelesaian kredit bermasalah. Ini termasuk analisis kredit yang bermasalah, pengembangan solusi kreatif, serta memastikan bahwa solusi yang diambil sesuai dengan regulasi yang berlaku dan kebijakan perusahaan.
- Negosiasi dengan Debitur untuk Penyelesaian Kredit, Termasuk Restrukturisasi atau Penyelesaian Hukum
Melakukan negosiasi langsung dengan debitur untuk mencari solusi penyelesaian kredit bermasalah, baik itu melalui restrukturisasi kredit, penyelesaian hukum, atau kesepakatan lainnya. Memastikan bahwa setiap solusi yang diambil menguntungkan bagi perusahaan dan debitur, serta dapat menghindari dampak negatif lebih lanjut.
- Bekerja Sama dengan Bagian Hukum dalam Proses Litigasi
Berkoordinasi dengan tim hukum untuk menangani kasus-kasus kredit bermasalah yang memerlukan pendekatan litigasi. Memastikan bahwa semua proses hukum yang diperlukan berjalan dengan lancar dan sesuai dengan peraturan yang berlaku, serta memberikan dukungan kepada tim hukum untuk menyelesaikan masalah hukum secara efisien.
- Menyusun dan Mengawasi Implementasi Kebijakan Internal Remedial
Menyusun kebijakan internal terkait dengan penanganan kredit bermasalah, termasuk prosedur, panduan, dan pelaksanaan strategi yang efektif. Memastikan implementasi kebijakan ini berjalan dengan baik dan sesuai dengan peraturan yang berlaku di industri keuangan, serta memastikan seluruh tim remedial mematuhi standar dan prosedur yang telah ditetapkan.",
setya.asdiyanto@nusantara-sakti.com,DESIGN INTERIOR & GRAFIS OFFICER,5,Perempuan dan Laki-laki,S1,,1-2 Tahun ,20,30,,"- Merancang Konsep Desain Interior yang Sesuai dengan Kebutuhan Klien
Mengembangkan konsep desain interior yang inovatif dan fungsional berdasarkan kebutuhan dan preferensi klien. Proses ini mencakup analisis ruang, pemilihan tema desain, dan pertimbangan elemen-elemen estetika serta fungsionalitas yang akan meningkatkan kenyamanan dan daya tarik visual ruangan.
- Membuat Sketsa, Model 3D, dan Rendering untuk Presentasi Desain
Membuat sketsa desain awal dan model 3D untuk memvisualisasikan ide-ide desain interior. Menggunakan software desain seperti AutoCAD, SketchUp, atau 3ds Max untuk menghasilkan representasi visual yang realistis, serta menyediakan rendering untuk presentasi yang jelas dan efektif kepada klien dan tim terkait.
- Menentukan Pemilihan Material, Furnitur, dan Dekorasi yang Sesuai dengan Konsep Desain
Bertanggung jawab atas pemilihan material interior, furnitur, dan dekorasi yang selaras dengan tema desain. Proses ini melibatkan pemilihan bahan berkualitas yang sesuai dengan anggaran dan visi desain, serta menjaga keseimbangan antara estetika, fungsionalitas, dan kenyamanan bagi pengguna akhir.
- Membuat Desain Grafis untuk Branding, Marketing, dan Presentasi Desain Interior
Menghasilkan desain grafis untuk mendukung kegiatan pemasaran dan branding, termasuk brosur, presentasi, dan materi visual lainnya. Desain grafis ini bertujuan untuk memvisualisasikan ide desain interior kepada audiens yang lebih luas dan memperkuat identitas merek perusahaan.
- Menyesuaikan Desain Agar Sesuai dengan Strategi Pemasaran dan Target Audiens
Menyesuaikan konsep desain interior agar sesuai dengan kebutuhan pemasaran dan audiens target. Berkolaborasi dengan tim pemasaran untuk memastikan desain mendukung tujuan perusahaan dalam menarik perhatian pasar sasaran, serta mengikuti tren desain terkini yang relevan dengan strategi pemasaran.",
setya.asdiyanto@nusantara-sakti.com,PROGRAMMER JUNIOR,10,Perempuan dan Laki-laki,D3,,1-2 Tahun ,20,35,,"- Pengembangan Aplikasi, Reporting, dan Dashboard: Merancang, mengembangkan, dan memelihara aplikasi serta laporan berbasis dashboard yang mendukung pengambilan keputusan yang lebih efisien dan akurat untuk perusahaan.
- Monitoring dan Pemeliharaan Sistem IT dan Software: Melakukan pemantauan rutin terhadap sistem IT dan software perusahaan untuk memastikan kelancaran operasional dan mengidentifikasi serta mengatasi gangguan sistem secara proaktif.
- Monitoring dan Pemeliharaan Database: Mengelola dan menjaga performa database perusahaan, termasuk pengaturan backup data, pengoptimalan query, dan pemantauan integritas serta keamanan data.
- Troubleshooting dan Problem Solving: Mendiagnosis dan menyelesaikan masalah teknis di tingkat aplikasi, sistem, maupun database secara cepat dan efektif, untuk memastikan minimnya gangguan operasional.
- Pengembangan dan Dokumentasi Alur Proses (Flowchart): Merancang dan membuat flowchart yang menggambarkan alur proses aplikasi, sistem, atau database, sebagai dokumentasi yang memudahkan pemahaman alur kerja dan referensi pengembangan lebih lanjut.",
setya.asdiyanto@nusantara-sakti.com,KEPALA MARKETING FURNITURE,1,Perempuan dan Laki-laki,S1,,3-5 Tahun,21,45,,"- Merancang dan mengembangkan strategi pemasaran jangka pendek dan jangka panjang yang inovatif untuk memperluas pangsa pasar dan memperkuat brand positioning produk furniture Nusantara Sakti Grup di pasar domestik maupun internasional
- Menentukan positioning dan diferensiasi produk dengan mengidentifikasi keunikan produk serta merancang konsep branding yang kuat agar memiliki daya saing tinggi dan mampu menarik perhatian konsumen sesuai kebutuhan pasar
- Memimpin dan mengelola tim pemasaran dengan mengkoordinasikan, membimbing, dan mengawasi seluruh aktivitas tim guna memastikan implementasi strategi berjalan efektif dan target pemasaran tercapai sesuai KPI
- Bekerja sama dengan tim R&D dan produksi dalam mengembangkan produk baru, memperbarui fitur, dan menyesuaikan desain berdasarkan hasil riset pasar serta perubahan tren konsumen
- Melakukan riset pasar dan analisis kompetitor untuk mengumpulkan, menganalisis, dan menginterpretasikan data pasar, perilaku konsumen, serta aktivitas kompetitor guna mengidentifikasi peluang bisnis baru dan memberikan rekomendasi strategi",
setya.asdiyanto@nusantara-sakti.com,KEPALA TOKO FURNITURE,5,Perempuan dan Laki-laki,SMA/SMK,,3-5 Tahun,21,45,,"- Bertanggung jawab mencapai target penjualan harian, mingguan, dan bulanan melalui perencanaan strategi pemasaran yang efektif serta monitoring pencapaian individu dan tim.
- Melatih, mengarahkan, dan mengembangkan kompetensi tim penjualan melalui coaching rutin, role play, serta evaluasi berkala untuk meningkatkan kinerja dan produktivitas.
- Berperan aktif sebagai problem solver dalam menghadapi kendala di lapangan, baik terkait produk, proses penjualan, maupun kebutuhan pelanggan, untuk memastikan kelancaran aktivitas penjualan.
- Menyusun dan menerapkan strategi penjualan berdasarkan analisis pasar, tren konsumen, serta potensi wilayah, guna meningkatkan volume penjualan dan ekspansi pasar.
- Memastikan pembayaran pelanggan berjalan sesuai ketentuan, melakukan follow-up terhadap pembayaran yang tertunda, serta membangun dan menjaga hubungan jangka panjang yang positif dengan pelanggan utama.",
setya.asdiyanto@nusantara-sakti.com,MANAGER MARKETING EKSPEDISI,1,Perempuan dan Laki-laki,S1,,3-5 Tahun,21,45,,"- Menyusun, menerapkan, dan mengevaluasi rencana bisnis cabang untuk memastikan pencapaian target penjualan, pertumbuhan omzet, serta keberlanjutan bisnis secara jangka panjang.
- Mengelola dan mengawasi seluruh operasional cabang, memastikan kelancaran proses bisnis harian, optimalisasi sumber daya, serta peningkatan efektivitas dan efisiensi kerja.
- Memimpin, mengarahkan, dan memotivasi tim cabang melalui pembinaan rutin, pengembangan kompetensi, serta penciptaan budaya kerja yang produktif dan berorientasi pada hasil.
- Membangun, mengembangkan, dan menjaga hubungan strategis dengan pelanggan, mitra bisnis, serta komunitas lokal untuk memperluas jaringan dan meningkatkan loyalitas pelanggan.
- Melaksanakan proses rekrutmen, pelatihan, supervisi, serta penempatan karyawan cabang dengan pendekatan berbasis integritas, loyalitas, dan komitmen terhadap standar operasional dan nilai perusahaan.",
setya.asdiyanto@nusantara-sakti.com,MANAGER PETERNAKAN LOBSTER,1,Perempuan dan Laki-laki,S1,,3-5 Tahun,21,45,,"- Mengelola seluruh operasional peternakan lobster, termasuk perencanaan budidaya, pengawasan proses produksi, evaluasi hasil panen, serta implementasi standar keberlanjutan dan kelestarian sumber daya.
- Meningkatkan kualitas dan produktivitas budidaya lobster melalui penerapan teknologi, inovasi metode pemeliharaan, serta pengendalian mutu di seluruh tahap produksi.
- Merekrut, melatih, mengelola, dan mengevaluasi kinerja tim peternakan secara berkala untuk memastikan pencapaian target produksi dan pengembangan kompetensi staf.
- Menyusun, mengelola, dan memonitor anggaran operasional, melakukan analisis efisiensi biaya, serta menyajikan laporan keuangan dan operasional secara periodik kepada manajemen.
- Merancang dan mengimplementasikan strategi bisnis serta pemasaran produk lobster untuk memperluas pangsa pasar, meningkatkan penjualan, dan membangun brand peternakan secara berkelanjutan.
",
setya.asdiyanto@nusantara-sakti.com,DIGITAL MARKETING HEAD,1,Perempuan dan Laki-laki,S1,,3-5 Tahun,28,38,,"- Merancang, mengembangkan, dan mengimplementasikan strategi pemasaran digital yang efektif, termasuk perencanaan kampanye, pelaksanaan program pemasaran, dan evaluasi kinerja untuk mencapai target pertumbuhan yang ditetapkan.
- Menyusun dan mengelola anggaran pemasaran digital secara optimal, menetapkan target spesifik setiap kampanye, serta memastikan pencapaian Return on Investment (ROI) yang maksimal.
- Melakukan riset pasar secara berkala untuk memahami kebutuhan, perilaku, dan preferensi audiens target, serta mengidentifikasi tren industri, peluang baru, dan solusi terhadap permasalahan konsumen.
- Mengembangkan dan memperluas audiens digital melalui optimalisasi SEO, pengelolaan kampanye iklan digital (Google Ads, Meta Ads, dll), kolaborasi dengan Influencer/KOL, serta membangun konten kreatif seperti press release, artikel, dan materi visual untuk berbagai platform.
- Memantau, menganalisis, dan melaporkan hasil dari seluruh aktivitas pemasaran digital secara berkala menggunakan tools analitik, serta memberikan rekomendasi berbasis data untuk pengembangan strategi pemasaran berikutnya.",
setya.asdiyanto@nusantara-sakti.com,MANAGER PRODUKSI SOFA DAN PANEL,1,Perempuan dan Laki-laki,SMA/SMK,,1-2 Tahun ,25,38,,"- Mengelola seluruh operasional produksi furniture (sofa atau panel) termasuk perencanaan, pengawasan, dan optimalisasi penggunaan sumber daya untuk memastikan tercapainya target produksi sesuai standar kualitas.
- Menganalisis permasalahan produksi, memberikan solusi efektif, serta mengembangkan ide-ide inovatif untuk meningkatkan efisiensi, kualitas, dan ketepatan waktu penyelesaian proyek.
- Melakukan koordinasi aktif dengan tim internal proyek dalam menyusun jadwal produksi, mengatur prioritas kerja, serta memastikan integrasi yang baik antar departemen untuk kelancaran produksi.
- Mengawasi ketersediaan, fungsi, dan pemeliharaan fasilitas produksi serta memastikan semua peralatan mendukung operasional harian secara optimal dan aman.
- Bertanggung jawab atas pencapaian deadline proyek, hasil produksi yang sesuai spesifikasi, serta melakukan evaluasi rutin terhadap progres proyek untuk menjaga kualitas dan efektivitas kerja.",
setya.asdiyanto@nusantara-sakti.com,AUDITOR JUNIOR,10,Perempuan dan Laki-laki,S1,,Lulusan Baru,21,35,,"- Melakukan pemeriksaan menyeluruh terhadap laporan keuangan, dokumen pendukung transaksi, dan memastikan kesesuaian dengan standar akuntansi serta kebijakan internal perusahaan.
- Melakukan evaluasi kepatuhan terhadap kebijakan, prosedur, dan rencana operasional perusahaan serta memberikan rekomendasi atas hasil temuan audit.
- Melakukan monitoring dan analisis untuk mendeteksi potensi kecurangan (fraud) melalui pemeriksaan transaksi, pola operasional, dan aktivitas keuangan.
- Melaksanakan investigasi komprehensif terhadap dugaan kecurangan dengan melakukan kunjungan lapangan ke debitur, vendor, atau pihak ketiga, serta menyusun laporan investigasi yang akurat.
- Mengolah dan menganalisis data menggunakan Microsoft Excel untuk mendukung proses audit, mengidentifikasi potensi risiko, dan memberikan insight untuk penguatan sistem pengendalian internal.",
setya.asdiyanto@nusantara-sakti.com,KEPALA OUTLET GADAI,30,Perempuan dan Laki-laki,SMA/SMK,,Lulusan Baru,18,35,,"- Memimpin dan mengelola tim penjualan cabang untuk mencapai target penjualan yang ditetapkan perusahaan, serta memastikan setiap anggota tim memiliki pemahaman yang jelas tentang target dan strategi pencapaiannya.
- Menyusun dan melaksanakan program pelatihan untuk tim penjualan guna meningkatkan keterampilan dalam pemasaran, negosiasi, dan pemahaman produk elektronik, serta memberikan evaluasi dan umpan balik konstruktif.
- Melakukan pemeriksaan kondisi barang elektronik seperti HP, laptop, speaker, dan drone, baik secara rutin maupun saat ada transaksi pengiriman, serta memberikan laporan terkait kualitas barang dan rekomendasi perbaikan jika diperlukan.
- Melakukan stock opname secara berkala untuk memastikan kesesuaian jumlah barang di gudang dengan yang tercatat, serta mengidentifikasi dan mengatasi masalah ketidaksesuaian stok.
- Menyusun dan melaksanakan strategi promosi produk secara online dan offline, berkoordinasi dengan tim pemasaran untuk menjalankan kampanye yang sesuai dengan karakteristik pasar, serta memonitor hasil promosi untuk evaluasi dan peningkatan penjualan.",
setya.asdiyanto@nusantara-sakti.com,KEPALA PENJAHIT TAS,5,Perempuan dan Laki-laki,SMA/SMK,,1-2 Tahun ,25,45,,"- Memilih dan menyiapkan bahan kulit yang sesuai dengan desain tas, dengan memperhatikan ketebalan, tekstur, serta kualitas kulit untuk memastikan produk akhir sesuai dengan standar yang ditetapkan.
- Memotong bahan kulit menggunakan pola yang sudah disiapkan dengan presisi dan hati-hati, memastikan setiap bagian terpotong dengan akurat sesuai ukuran dan bentuk yang diperlukan.
- Menjahit bagian-bagian tas menggunakan mesin jahit industri, memastikan setiap jahitan rapi dan kuat, serta mengikuti prosedur yang benar agar tas memiliki kualitas yang tinggi dan tahan lama.
- Memasang aksesoris pada tas, seperti resleting, kancing, gesper, atau logam dekoratif lainnya, dengan memastikan pemasangannya rapat dan kuat agar tidak mudah terlepas atau rusak selama penggunaan.
- Memeriksa hasil jahitan dan kualitas keseluruhan tas, memastikan semua bagian terpasang dengan baik dan melakukan perbaikan atau sentuhan akhir, seperti merapikan jahitan dan membersihkan bagian dalam tas, untuk memastikan produk siap dipasarkan.",
setya.asdiyanto@nusantara-sakti.com,SALES LOGISTIK,10,Perempuan dan Laki-laki,SMA/SMK,,1-2 Tahun ,21,35,,"- Menyusun, menerapkan, dan mengevaluasi rencana bisnis cabang untuk mencapai target penjualan dan pertumbuhan omzet, serta memastikan strategi bisnis berjalan efektif dan efisien.
- Bertanggung jawab terhadap operasional cabang, termasuk mengelola proses penjualan, memonitor performa tim, dan menjaga tren pertumbuhan omzet, dengan fokus pada peningkatan hasil penjualan.
- Membangun dan menjaga hubungan kerja sama dengan perusahaan atau bidang usaha lain, guna memperluas jaringan bisnis dan menciptakan peluang kerja sama yang saling menguntungkan.
- Fokus pada pengembangan pasar B2B, dengan merancang dan menawarkan solusi pengiriman yang sesuai dengan kebutuhan calon customer, serta mengidentifikasi peluang baru di sektor tersebut.
- Memastikan kelancaran seluruh proses bisnis dari pencarian konsumen, penjualan, hingga pengiriman, dengan melakukan koordinasi yang baik antar tim dan memastikan standar operasional dijalankan dengan baik.",
setya.asdiyanto@nusantara-sakti.com,STRATEGIC PLANNING,10,Perempuan dan Laki-laki,S1,,1-2 Tahun ,21,35,,"- Menyusun, memastikan, dan mengawal perencanaan setiap departemen agar selaras dengan strategi korporat dan arahan dari direksi, serta memastikan semua rencana tersebut dapat diimplementasikan dengan baik.
- Memantau dan mengevaluasi kinerja serta pencapaian KPI setiap departemen, memberikan laporan secara rutin, serta melakukan analisis terhadap hasil yang diperoleh untuk memastikan target tercapai.
- Memastikan eksekusi yang tepat dari setiap Activity Plan dengan berkoordinasi dengan tim terkait, serta mengidentifikasi dan mengatasi hambatan yang dapat mempengaruhi pelaksanaan rencana tersebut.
- Menjadi fasilitator dalam setiap meeting perencanaan, yang meliputi penyusunan agenda, pencatatan hasil pertemuan, serta pelaporan untuk memastikan tindak lanjut yang jelas dan terstruktur dari hasil diskusi.
- Menyusun dan menganalisis strategi tahunan, melakukan proses analisis bisnis yang mendalam, mengidentifikasi akar masalah yang ada, serta merancang potensi pengembangan untuk meningkatkan efektivitas operasional dan pencapaian tujuan perusahaan.",
setya.asdiyanto@nusantara-sakti.com,SUPERVISOR MARKETING AGEN PEMBIAYAAN,30,Perempuan dan Laki-laki,D3,,1-2 Tahun ,21,35,,"- Merancang dan melaksanakan strategi pemasaran yang efektif untuk mencapai target penjualan, dengan memanfaatkan berbagai saluran distribusi dan metode pemasaran yang sesuai dengan kebutuhan pasar.
- Memimpin dan mengelola tim sales untuk mencapai target penjualan yang telah ditetapkan, serta memastikan setiap anggota tim memahami peran dan kontribusinya dalam pencapaian tujuan perusahaan.
- Membangun dan mempertahankan hubungan yang baik dengan mitra eksternal, seperti agen, broker, dan rekanan bisnis, untuk memastikan kelancaran proses penjualan dan meningkatkan peluang bisnis baru.
- Menyusun dan mengawasi pelaksanaan program pemasaran, mengevaluasi efektivitasnya secara berkala, dan melakukan penyesuaian strategi untuk memastikan hasil yang optimal dalam mencapai target.
- Memastikan bahwa kerjasama dengan pihak ketiga, baik agen maupun mitra bisnis lainnya, berjalan dengan lancar dan sesuai dengan kesepakatan, serta menjaga komunikasi yang baik untuk mendukung pencapaian target perusahaan.",
setya.asdiyanto@nusantara-sakti.com,SUPERVISOR MARKETING PEMBIAYAAN MULTIGUNA,30,Perempuan dan Laki-laki,S1,,Lulusan Baru,21,35,,"- Merancang dan melaksanakan strategi penjualan yang efektif untuk produk pembiayaan multiguna motor, dengan tujuan mencapai target penjualan yang telah ditetapkan perusahaan.
- Memastikan pelaksanaan strategi penjualan berjalan sesuai dengan rencana dan melakukan pemantauan secara terus-menerus untuk mengidentifikasi potensi hambatan dan melakukan perbaikan yang diperlukan.
- Melakukan koordinasi dengan tim internal, memberikan dukungan yang diperlukan, serta mengawasi operasional harian agar semua aktivitas penjualan dan pemasaran berjalan dengan lancar dan sesuai dengan standar yang ditetapkan.
- Membangun dan memimpin tim penjualan yang solid, melakukan rekrutmen anggota tim yang berkualitas, serta memastikan seluruh anggota tim tetap fokus pada pencapaian target penjualan yang ditetapkan perusahaan.
- Mengevaluasi program pemasaran dan aktivitas tim secara berkala, menilai efektivitas strategi yang diterapkan, serta menentukan langkah-langkah perbaikan untuk meningkatkan performa tim dan hasil penjualan.",
setya.asdiyanto@nusantara-sakti.com,SUPERVISOR DEALER,30,Perempuan dan Laki-laki,S1,,Lulusan Baru,21,35,,"- Merancang, mengembangkan, dan melaksanakan rencana pemasaran motor Honda secara strategis, dengan fokus pada pencapaian target penjualan dan peningkatan brand awareness.
- Membangun dan memimpin tim yang solid serta produktif, memastikan setiap anggota tim memiliki peran yang jelas dan mendukung pencapaian tujuan bersama.
- Mengelola dan memotivasi tim untuk mencapai target penjualan, memberikan dukungan dan arahan yang diperlukan agar tim dapat bekerja dengan efektif dan efisien.
- Melakukan evaluasi secara berkala terhadap aktivitas harian tim, mengidentifikasi area yang perlu perbaikan, dan melakukan tindak lanjut yang tepat untuk meningkatkan kinerja dan hasil kerja.
- Menjalin dan mengelola hubungan kerja yang produktif dengan pihak internal dealer dan eksternal, seperti vendor dan mitra bisnis, untuk memastikan kelancaran operasional dan mendukung pencapaian target pemasaran.",
setya.asdiyanto@nusantara-sakti.com,KOORDINATOR REMEDIAL,15,Laki-laki,SMA/SMK,,1-2 Tahun ,22,35,,"- Mengkoordinasi dan mengawasi tim kolektor remedial dalam melaksanakan proses penagihan angsuran yang tertunggak, memastikan semua tindakan sesuai dengan prosedur dan SOP yang berlaku untuk mencapai target pendapatan bunga.
- Menyusun dan melaksanakan strategi penagihan yang efektif, berkoordinasi dengan tim terkait untuk memastikan solusi penyelesaian piutang yang tepat dan efisien, serta meminimalkan risiko kerugian perusahaan.
- Memberikan arahan dan dukungan kepada tim kolektor dalam menghadapi konsumen yang menunggak, untuk memastikan upaya penyelesaian dilakukan dengan cara yang profesional dan solusi terbaik bagi pelanggan serta perusahaan.
- Melakukan evaluasi terhadap hasil penagihan dan memantau progres setiap kolektor untuk memastikan bahwa target pendapatan dan penyelesaian piutang tercapai sesuai dengan yang ditentukan.
- Membuat laporan harian yang mencakup perkembangan penagihan, tantangan yang dihadapi, dan pencapaian hasil penagihan untuk disampaikan kepada atasan, guna memastikan tindak lanjut yang sesuai dan pengambilan keputusan yang tepat.",
setya.asdiyanto@nusantara-sakti.com,KOLEKTOR REMEDIAL,30,Laki-laki,SMA/SMK,,Lulusan Baru,22,35,,"- Melakukan penagihan terhadap konsumen yang memiliki tunggakan pembayaran angsuran, dengan mengikuti prosedur dan strategi penagihan yang sudah ditetapkan perusahaan untuk memastikan target pencapaian pendapatan bunga tercapai.
- Berkoordinasi secara rutin dengan tim terkait untuk merencanakan dan melaksanakan langkah-langkah penyelesaian piutang yang efektif, serta memberikan solusi terbaik bagi konsumen untuk menyelesaikan kewajiban finansialnya.
- Melakukan evaluasi terhadap status penagihan dan memonitor progres pencapaian target penyelesaian piutang setiap hari, serta memastikan bahwa setiap upaya penagihan dilakukan secara profesional dan sesuai dengan SOP yang berlaku.
- Menyusun dan melaporkan hasil kerja harian kepada atasan, yang mencakup perkembangan penagihan, tantangan yang dihadapi, dan hasil yang dicapai untuk memudahkan pengambilan keputusan lebih lanjut dalam proses penyelesaian.
- Membangun hubungan baik dengan konsumen yang memiliki tunggakan angsuran, berupaya untuk menjaga komunikasi yang efektif dan konstruktif, sehingga dapat meningkatkan tingkat penyelesaian angsuran tanpa merusak hubungan jangka panjang dengan pelanggan.",
setya.asdiyanto@nusantara-sakti.com,CREDIT OFFICER,15,Laki-laki,SMA/SMK,,Lulusan Baru,22,35,,"- Melakukan survei lapangan untuk mengevaluasi kelayakan kredit calon debitur, dengan memastikan data yang diperoleh akurat dan sesuai dengan prosedur operasional standar yang telah ditetapkan.
- Menyusun laporan hasil survei lapangan dan menganalisis informasi yang terkumpul untuk memberikan rekomendasi terkait kelayakan kredit, termasuk kondisi finansial dan jaminan yang disertakan oleh calon debitur.
- Bekerja sama dengan tim terkait untuk mengelola dan mengoptimalkan proses pengajuan kredit, serta memastikan bahwa setiap aplikasi kredit sesuai dengan kebijakan perusahaan dan persyaratan yang berlaku.
- Menjalin hubungan yang baik dengan calon debitur dan pihak-pihak terkait, memastikan komunikasi yang efektif dalam rangka mempercepat proses pengajuan dan keputusan kredit, sambil menjaga integritas dan profesionalisme.
- Melakukan evaluasi secara berkala terhadap portofolio kredit yang telah disetujui, serta memberikan rekomendasi tindak lanjut yang diperlukan untuk meningkatkan kinerja dan menurunkan risiko kredit bagi perusahaan.",
permatakasihbundabersinergi@gmail.com,Perawat Bayi (Baby Sitter),600,Perempuan,SMP,,3-5 Tahun,28,45,,Memiliki Sertifikat Kompetensi Pengasuh Anak ,
permatakasihbundabersinergi@gmail.com,Pengasuh Balita (Nanny),500,Perempuan,SMP,,1-2 Tahun ,20,38,,Memiliki Sertifikat Kompetensi Pengasuh Anak ,
permatakasihbundabersinergi@gmail.com,Perawat Lansia,100,Perempuan,SMP,,3-5 Tahun,38,45,,Memiliki Sertifikat Pelatihan Perawat Lansia,
hrd.ptei@ebara.com,Machining Officer,1,Perempuan dan Laki-laki,S1,,1-2 Tahun ,24,30,,"Leadership, Program CNC & PLC, mempunyai strategi pencapaian target perusahaan,",
hrd.ptei@ebara.com,Casting Officer,1,Laki-laki,S1,,1-2 Tahun ,24,30,,"Leadership, Metalurgi & Pengecoran Logam, mempunyai strategi pencapaian target perusahaan,",
hrd.ptei@ebara.com,Engineering Officer,1,Perempuan dan Laki-laki,S1,,1-2 Tahun ,24,30,,"Leadership, Solidwork/Autocad, mempunyai strategi pencapaian target perusahaan",
hrd.ptei@ebara.com,Procurement Officer,1,Perempuan dan Laki-laki,S1,,1-2 Tahun ,24,30,,"Leadership, Inventory system, mempunyai strategi pencapaian target perusahaan",
hrd.ptei@ebara.com,Sales & Marketing Officer,1,Perempuan dan Laki-laki,S1,,1-2 Tahun ,24,30,,"Leadership, Negotiation & Comunication Skill, Pump Knowledge, mempunyai strategi pencapaian target perusahaan",
hrd.ptei@ebara.com,Foundry Support Asst. Manager,1,Laki-laki,S1,,3-5 Tahun,30,40,,"Leadership, Metalurgi & Pengecoran Logam, mempunyai strategi pencapaian target perusahaan,",
hrd.ptei@ebara.com,Foundry Asst. Manager,1,Laki-laki,S1,,3-5 Tahun,30,40,,"Leadership, Metalurgi & Pengecoran Logam, mempunyai strategi pencapaian target perusahaan,",
hrd.ptei@ebara.com,Machining Operator,5,Laki-laki,SMA/SMK,,1-2 Tahun ,20,25,,"Sertifikasi Mesin bubut, CNC, Alat Ukur & membaca Gambar teknik",
hrd.ptei@ebara.com,Foundry Operator,6,Laki-laki,SMA/SMK,,1-2 Tahun ,20,25,,"Pengetahuan tentang pengecoran logam, Alat Ukur & membaca Gambar teknik",
hrd.ptei@ebara.com,PPIC & WH Operator,1,Perempuan dan Laki-laki,SMA/SMK,,1-2 Tahun ,20,25,,"Pengetahuan system Inventory, SIO Forklift, Alat Ukur & membaca Gambar teknik",
hrd.ptei@ebara.com,QA & QC Operator,3,Laki-laki,SMA/SMK,,1-2 Tahun ,20,25,,"Sertifikasi  Alat Ukur, Pump Knowledge & membaca Gambar teknik",
hrd.ptei@ebara.com,Assembly & TC Operator,2,Laki-laki,SMA/SMK,,1-2 Tahun ,20,25,,"Sertifikasi  Alat Ukur, Pump Knowledge & membaca Gambar teknik",
honchuanindonesia06@gmail.com,Production Assistant,1,Laki-laki,D3,,1-2 Tahun ,25,35,,"Familiar with Ms office, SAP, ERP and any prouduction administration and inventory control",
honchuanindonesia06@gmail.com,Engineer Packaging,2,Laki-laki,S1,,1-2 Tahun ,25,35,,Understanding of blowing machines.,
honchuanindonesia06@gmail.com,Warehouse Operator,2,Laki-laki,SMK,,Lulusan Baru,25,35,,,
honchuanindonesia06@gmail.com,Production Operator,3,Laki-laki,SMK,,Lulusan Baru,23,35,,,
honchuanindonesia06@gmail.com,Blowing Preform Section Leader,1,Laki-laki,S1,,1-2 Tahun ,23,35,,Experienced in their field.,
honchuanindonesia06@gmail.com,Production Operator,3,Laki-laki,SMK,,Lulusan Baru,20,35,,,
honchuanindonesia06@gmail.com,production leader,1,Laki-laki,S1,,1-2 Tahun ,25,35,,"Major from industrial, Mechanical and experienced in their field",
honchuanindonesia06@gmail.com,(Vice)Section Leader,2,Laki-laki,S1,,1-2 Tahun ,25,35,,Experienced in their field.,
honchuanindonesia06@gmail.com,Production Operator Filling,3,Laki-laki,SMK,,Lulusan Baru,25,35,,,
honchuanindonesia06@gmail.com,Production Operator Label Machine,3,Laki-laki,SMK,,Lulusan Baru,25,35,,,
honchuanindonesia06@gmail.com,Production Operator Material Carrier,2,Laki-laki,SMK,,1-2 Tahun ,25,35,,Experienced in their field.,
honchuanindonesia06@gmail.com,Production Operator Caser and Palletizer,4,Laki-laki,SMK,,1-2 Tahun ,25,35,,Experienced in their field.,
honchuanindonesia06@gmail.com,Maintenace Engineer,2,Laki-laki,D3,,1-2 Tahun ,25,35,,Understanding process buying sparepart and updates of machine parts.,
honchuanindonesia06@gmail.com,Spare Controller,1,Laki-laki,S1,,1-2 Tahun ,25,35,,"Major from industrial, Mechanical and experienced in their field.",
honchuanindonesia06@gmail.com,leader mecahincal,1,Laki-laki,S1,,1-2 Tahun ,25,35,,"Major from industrial, Mechanical and experienced in their field.",
honchuanindonesia06@gmail.com,Mechanical and Electrical Technician,3,Laki-laki,S1,,1-2 Tahun ,25,35,,Experienced in their field.,
honchuanindonesia06@gmail.com,Warehouse Operator,8,Laki-laki,SMK,,1-2 Tahun ,25,35,,Experienced in their field.,
honchuanindonesia06@gmail.com,Warehouse Assistant,1,Laki-laki,S1,,1-2 Tahun ,25,35,,Experienced in their field.,
honchuanindonesia06@gmail.com,Warehouse (Vice) Section Leader,1,Laki-laki,S1,,1-2 Tahun ,25,35,,Understanding FIFO & FEFO Controlling system.,
honchuanindonesia06@gmail.com,QA/QC,2,Laki-laki,D3,,1-2 Tahun ,25,35,,"Understands the registration, renewal, and certification processes of BPOM, Halal MUI, and similar authorities.",
honchuanindonesia06@gmail.com,QA/QC (PQC),5,Laki-laki,SMK,,1-2 Tahun ,25,35,,Experienced in their field.,
honchuanindonesia06@gmail.com,Quality Assurance Engineer,1,Laki-laki,S1,,1-2 Tahun ,25,35,,Experienced in their field.,
ljfadmhrd03@gmail.com,Teknisi Listrik,2,Laki-laki,SMA/SMK,,1-2 Tahun ,22,40,,"Pengetahuan teknis kelistrikan, pemeliharaan, perbaikan sistem  kelistrikan serta mampu membaca diagram.",
ljfadmhrd03@gmail.com,Sales Executive,2,Perempuan dan Laki-laki,D3,,3-5 Tahun,24,35,,"Kemampuan komunikasi, negosiasi, persuasi, manajemen waktu, analisis pasar.",
ljfadmhrd03@gmail.com,Sales Area,10,Laki-laki,SMA/SMK,,1-2 Tahun ,22,40,,"Kemampuan komunikasi, negosiasi, persuasi, manajemen waktu, analisis pasar.",
ljfadmhrd03@gmail.com,Senior Accounting & Tax,2,Perempuan dan Laki-laki,D3,,3-5 Tahun,28,40,,"Kompetensi yang kuat dibidang akutansi, perpajakan serta kemampuan analisis keuangan. Keterampilan komunikasi, manajemen waktu dan kemampuan bekerja dalam tim.",
ljfadmhrd03@gmail.com,Management Trainee (Staff Produksi),7,Laki-laki,D3,,1-2 Tahun ,23,30,,"Kemampuan komunikasi, kepemimpinan, problem solving, analisis data, manajemen waktu dan kemampuan adaptasi.",
ljfadmhrd03@gmail.com,Senior Engineering ,2,Laki-laki,D3,,3-5 Tahun,28,40,,"Kemampuan komunikasi, Analitis, Problem solving, pemahaman mendalam tentang prinsip dan praktik teknik.",
human.resources@meiloon.co.id,HARDWARE ENGINEER (R&D ELECTRICAL),2,Perempuan dan Laki-laki,D1,,1-2 Tahun ,20,39,,"Pengalaman yang relevan (perangkat lunak, debugging produk audio, video)",
human.resources@meiloon.co.id,ENGINEER (SMT),2,Laki-laki,D1,,1-2 Tahun ,20,29,,"Pengalaman yang relevan (Design tooling, jig, fixture, solidwork)",
human.resources@meiloon.co.id,HSE,1,Laki-laki,S1,,3-5 Tahun,20,29,,"Pengalaman yang relevan (Safety induction, toolbox meeting, kebijakan HSE dan K3)",
human.resources@meiloon.co.id,ADMIN MANDARIN,2,Perempuan,SMK,,1-2 Tahun ,20,39,,"Pengalaman yang relevan (Administrasi, Microsoft Excel, Menguasai bahasa Mandarin)",
human.resources@meiloon.co.id,PROJECT ENGINEER,1,Perempuan dan Laki-laki,D1,,1-2 Tahun ,20,29,,"Pengalaman yang relevan (Microsoft Excel, Auto Cad, Solid work)",
human.resources@meiloon.co.id,MECHANICAL ENGINEER (R&D MECHANICAL),2,Perempuan dan Laki-laki,S1,,1-2 Tahun ,20,29,,"Pengalaman yang relevan (Mechanical design 2D & 3D, Solid work)",
jec.raja@gmail.com,Security,8,Laki-laki,SMA/SMK,,1-2 Tahun ,19,35,,Min harus memiliki setifikat Garda Utama,
jec.raja@gmail.com,Cleaning Service,8,Perempuan dan Laki-laki,SMA/SMK,,Lulusan Baru,19,30,,Harus trampil dan cekatan,
jec.raja@gmail.com,Office Boy/Girl,8,Perempuan dan Laki-laki,SMA/SMK,,1-2 Tahun ,19,30,,Harus trampil dan cekatan,
jec.raja@gmail.com,Driver,8,Laki-laki,SMA/SMK,,1-2 Tahun ,19,30,,Menguasai semua mobil dan memiliki SIM min A s.d B1,
jec.raja@gmail.com,Helpeer,8,Laki-laki,SMA/SMK,,1-2 Tahun ,19,30,,Harus trampil dan cekatan,
regita.indah@sangati.co,TRANSLATOR MANDARIN,1,Laki-laki,S1,,3-5 Tahun,22,40,,"Bisa bahasa Mandarin (membaca & menulis), memiliki komunikasi yang baik.",
regita.indah@sangati.co,GA STAFF/ DRIVER LV + MANDARIN SPEAKING,2,Laki-laki,SMA/SMK,,1-2 Tahun ,22,40,,"SIM A, SIM BII Umum, Sertifikat Mengemudi, Bisa berbahasa Mandarin.",
regita.indah@sangati.co,ADMIN STAFF,1,Laki-laki,SMA/SMK,,1-2 Tahun ,22,40,,"Menguasai penggunaan komputer dan Microsoft Office (Workd, Excel, Power Point), teliti, mampu bekerja sama dalam tim.",
regita.indah@sangati.co,LAUNDRY STAFF,2,Laki-laki,SMA/SMK,,1-2 Tahun ,22,40,,Memiliki kemampuan menyuci.,
regita.indah@sangati.co,OFFICE BOY,2,Laki-laki,SMA/SMK,,1-2 Tahun ,22,40,,Menguasai kemampuan house keeping.,
regita.indah@sangati.co,ADT 745 CAT OPERATOR,40,Laki-laki,SMA/SMK,,3-5 Tahun,22,45,,"Memiliki SIM BII Umum, SIMPER/KIMPER ADT CAT 745",
regita.indah@sangati.co,CIVIL CREW,16,Laki-laki,SMA/SMK,,1-2 Tahun ,22,40,,Memiliki pengalaman dan sertifikat K3.,
regita.indah@sangati.co,HD MECHANIC,20,Laki-laki,SMA/SMK,,3-5 Tahun,22,45,,"Memiliki BMC (Basic Mechanical Couse), Sertifikat K3",
recruitment.parung@gmail.com,CREW STORE (PRAMUNIAGA/KASIR),500,Perempuan dan Laki-laki,SMA/SMK,,Lulusan Baru,18,28,Parung,"Komunikasi yang baik, percaya diri, jujur, bertanggung jawab, mampu bekerja dibawah tekanan.",Disabilitas Daksa; Disabilitas Rungu; Disabilitas Netra
loker.wmgrup@gmail.com ,Sales Engineer ,25,Perempuan dan Laki-laki,SMA/SMK,,1-2 Tahun ,19,35,,"- Pengalaman sales min 1 thn 
- Memiliki kemampuan negosiasi yang baik
- Memiliki Kendaraan dan SIM ",
loker.wmgrup@gmail.com ,Teknisi Industri ,20,Laki-laki,SMA/SMK,,1-2 Tahun ,19,40,,"- Pengalaman sebagai teknisi min 2 thn 
- Memahami Mesin Industri (Electrical, Mechanical, Otomotif)
- Bersedia di tempatkan di Cikande 
- Teliti, Jujur dan bertanggung jawab ",
loker.wmgrup@gmail.com ,Operator Produksi,30,Laki-laki,SMA/SMK,,1-2 Tahun ,19,35,,"- Pengalaman min 2 tahun dibidangnya 
- Teliti, Jujur dan bertanggung jawab
- Bisa mengoperasi mesin produksi 
- Komunikatif dan service excellent ",
loker.wmgrup@gmail.com ,Admin Support ,5,Perempuan dan Laki-laki,SMA/SMK,,1-2 Tahun ,19,30,,"- Bisa mengoperasikan software Odoo
- Dapat bekerja sama dalam Team ",
loker.wmgrup@gmail.com ,Staff Purchasing ,3,Perempuan dan Laki-laki,D3,,1-2 Tahun ,19,30,,"- Berpengalaman Min 1 Tahun 
- Memiliki Kemampuan Bahasa Inggris Pasif (Diutamakan yang Aktif)
- Memiliki Skill Negosiasi yang baik ",
loker.wmgrup@gmail.com ,Marketing ,20,Perempuan dan Laki-laki,D3,,1-2 Tahun ,19,30,,"- Memiliki Skill Product Knowledge 
- Memiliki Kemampuan Strategi Marketing yang Baik ",
loker.wmgrup@gmail.com ,Accounting Staff ,5,Perempuan dan Laki-laki,SMA/SMK,,1-2 Tahun ,19,30,,"- Pengalaman Min 1 Tahun sebagai Accounting Staff
- Menguasai MS Office & Accounting Software 
- Dapat bekerja dibawah tekanan & deadline ",
reza@ptmkm.co.id,Sr. Staff - Quality Dept. - Stamping / Welding Section,1,Perempuan dan Laki-laki,D3,,1-2 Tahun ,21,27,,"- Memahami Proses Manufakturing Stamping / Welding.
- Mampu membaca gambar teknik.
- Kemampuan problem solving yang baik, misalnya dengan teknik 8-D, Six Sigma dan QC Tools.
- Memahami IATF 16949 (menjadi poin plus)
- English dan MS-Office.",
reza@ptmkm.co.id,Sr. Staff - Engineering Dept. - Machining Section,1,Perempuan dan Laki-laki,D3,,1-2 Tahun ,21,27,,"- Memahami Proses Machining dengan CNC.
- Mampu membaca gambar teknik.
- Menguasai Autocad 2D / 3D.
- English dan MS-Office.",
reza@ptmkm.co.id,Sr. Staff - Engineering Dept. - MTC. Electrical Section,2,Perempuan dan Laki-laki,D3,,1-2 Tahun ,21,27,,"- Memahami proses perawatan dan perbaikan mesin.
- Menguasai setidaknya satu bahasa pemrograman, misalnya MySQL, JAVA, SCADA, PLC, dsb.
- Kemampuan problem solving yang baik.
- English dan MS-Office.",
reza@ptmkm.co.id,Sr. Staff - Engineering Dept. - Power House Section,1,Perempuan dan Laki-laki,D3,,1-2 Tahun ,21,27,,"- Memahami operasional Power House di Industri.
- Memiliki problem solving yang baik di bidang kelistrikan dan power house.
- Pengalaman dalam mengelola fasilitas bangunan dan lahan (merupakan nilai plus).
- English dan MS-Office.",
hr.recruitment@b-log.co.id,Operation Logistic Coordinator,20,Laki-laki,D3,,3-5 Tahun,20,35,Seluruh Indonesia,"- Communication
- Leadership
- Teamwork
- Achivement Drive
- Problem Solving
- Ms Excel",
hr.recruitment@b-log.co.id,Warehouse Coordinator,20,Laki-laki,D3,,3-5 Tahun,20,35,Seluruh Indonesia,"- Communication
- Leadership
- Teamwork
- Achivement Drive
- Problem Solving
- Ms Excel",
hr.recruitment@b-log.co.id,Project Management Officer,3,Perempuan dan Laki-laki,S1,,1-2 Tahun ,20,35,Tanggerang,"- Analyst (Ms Excel, Power BI, Visio, Gspreadsheet, PPT)
- Problem Solving
- Teamwork",
hr.recruitment@b-log.co.id,HSE Specialist,3,Laki-laki,S1,,3-5 Tahun,23,35,Bandung," - Sertifikat K3 Umum & Ahli
 - Mitigasi kecelakaan kerja
 - Pengelolaan Risiko
 - Manajemen Material Berbahaya",
hr.recruitment@b-log.co.id,GA Officer,2,Laki-laki,D3,,3-5 Tahun,25,40,Bandung," - Asset management
 - Security Handle
 - Facility Management",
hr.recruitment@b-log.co.id,Picker,30,Laki-laki,SMA/SMK,,1-2 Tahun ,18,35,Seluruh Indonesia," - Flow picking warehouse
 - Dapat bekerja disuhu dingin (-1 C)",
hr.recruitment@b-log.co.id,Marketing Communication Officer,1,Perempuan,S1,,3-5 Tahun,20,35,Tanggerang," - Copywriting
 - Strategy advertise branding
 - Content Strategy
 - Basic Digital Marketing Knowledge",
hr.recruitment@b-log.co.id,Mekanik,10,Laki-laki,SMA/SMK,,1-2 Tahun ,18,35,Tanggerang," - Handle Mesin Diesel & Bensin
 - Handle mesin truck CDD  & CDE",
hr.recruitment@b-log.co.id,Business Support Operation,3,Perempuan dan Laki-laki,S1,,3-5 Tahun,20,35,Tanggerang," - Analyst (Ms Excel, Power BI, Visio, Gspreadsheet, PPT)
 - Logisticc & Supply chain process
 - Problem Solving",
hr.recruitment@b-log.co.id,Dispatcher,30,Laki-laki,SMA/SMK,,1-2 Tahun ,20,35,Seluruh Indonesia," - Route Planning & Scheduling
 - Fleet Management
 - Transportation Management System
 - Order Management",
hr.recruitment@b-log.co.id,Service Advisor,5,Laki-laki,SMA/SMK,,3-5 Tahun,20,35,Tanggerang," - Technical Knowledge of Vehicles/Equipment
 - Service Intake and Diagnosis
 - Warranty and Claims Knowledge
 - Basic Inventory & Spare Parts Knowledge",
rekrutmentiaracipta@gmail.com,BABY SITTER,50,Perempuan,SMP,,Lulusan Baru,18,45,,"Rajin, Sopan Santun, Pekerja Keras, Mudah Adaptasi.",